Payor Name,Corporate Name
31 OFFSHORE LLC,31 GROUP LLC
31 OPERATING LLC,31 GROUP LLC
8 NORTH LLC,EXTRACTION OIL & GAS LLC
ABRAXAS PETROLEUM CORPORATION,ABRAXAS PETROLEUM CORP
ADPARO LLC,ADPARO LLC
ADVANCE ENERGY PARTNERS HAT MESA LLC,ADVANCE ENERGY PARTNERS
ADVANCE WIRELESS COMMUNICATIONS LLC,ADVANCED WIRELESS COMMUNICATIONSLLC
ADVANTAGE RESOURCES INC,ADVANTAGE RESOURCES INC
AERA ENERGY LLC,AERA ENERGY LLC
AETHON ENERGY OPERATING LLC,AETHON ENERGY MANGEMENT LLC
AGC SODA,AMERICAN SODA LLC
AGUA CALIENTE LLC,AGUA CALIENTE LLC
ALAMO-PALACE MP 59 LLC,ALAMO-PALACE MP 59 LLC
ALASKA INDUSTRIAL DEVELOPMENT,ALASKA INDUSTRIAL DEVELOPMENT
ALTAMONT ENERGY OPERATING LLC,ALTAMONT ENERGY LLC
ALTON COAL DEVELOPMENT LLC,ALTON COAL DEVELOPMENT LLC
AMALGAMATED SLUDGE NM LLC,AMALGAMATED SLUDGE NM LLC
AMEREDEV OPERATING LLC,AMEREDEV II LLC
AMERICAN GILSONITE COMPANY,AMERICAN GILSONITE CO
AMERICO ENERGY RESOURCES,AMERICO ENERGY RESOURCES LLC
AMP RESOURCES STILLWATER,ENEL SPA
AMPLIFY ENERGY OPERATING LLC,AMPLIFY ENERGY CORP
ANADARKO E&P ONSHORE LLC,OCCIDENTAL PETROLEUM CORP
ANADARKO MINERALS INC,OCCIDENTAL PETROLEUM CORP
ANADARKO PETROLEUM CORP,OCCIDENTAL PETROLEUM CORP
ANADARKO US OFFSHORE CORPORATION,OCCIDENTAL PETROLEUM CORP
ANDERSON OIL LTD,ANDERSON OIL LTD
ANKOR ENERGY LLC,ANKOR E & P HOLDINGS INC
ANSCHUTZ CORPORATION,THE ANSCHUTZ CORP
ANTELOPE COAL - NTEC,NAVAJO TRANSITIONAL ENERGY CO
ANTELOPE ENERGY COMPANYLLC,ANTELOPE ENERGY CO LLC
ANTLER ENERGY LLC,ANTLER ENERGY LLC
APACHE CORPORATION,APA CORP
APACHE DEEPWATER LLC,APA CORP
APEX OIL & GASINC,APEX OIL & GAS INC
APEX OIL VENTURES,APEX OIL & GAS INC
ARB ENERGY UTAH LLC,ARB ENERGY UTAH LLC
ARENA ENERGY LP,ARENA ENERGY
ARENA OFFSHORE LP,ARENA ENERGY
ARGALI EXPLORATION COMPANY,ARGALI EXPLORATION CO
ARGENT ENERGY US HOLDINGS INC,ARGENT ENERGY US HOLDINGS INC
ARGUS ENERGY WV LLC,ARGUS ENERGY WV LLC
ARM ENERGY MANAGEMENT LLC,ARM ENERGY MANAGEMENT LLC
ARMSTRONG CORP,ARMSTRONG ENERGY CORP
ARMSTRONG ENERGY CORPORATION,ARMSTRONG ENERGY CORP
ARNELL OIL COMPANY,ARNELL OIL CO
ASCENT ENERGY LLC,ASCENT ENERGY LLC
ASPECT HOLDINGS LLC,ASPECT HOLDINGS LLC
ATLANTIC SHORES OFFSHORE WIND BIGHT LLC,ROYAL DUTCH SHELL PLC
ATLANTIC SHORES OFFSHORE WIND LLC,ROYAL DUTCH SHELL PLC
ATOMIC OIL & GAS LLC,ATOMIC OIL & GAS LLC
ATTENTIVE ENERGY LLC,TOTAL ENERGIES
ATX ENERGY PARTNERS,VTX ENERGY PARTNERS
AVANGRID RENEWABLES LLC,IBERDROLA S A
AVANT OPERATING LLC,AVANT NATURAL RESOURCES LLC
AXIA ENERGY II LLC,AXIA ENERGY II LLC
AYRES ENERGY LLC,AYRES ENERGY LLC
AZALEA OIL COLLC,AZALEA OIL CO LLC
B COPERATING INCORPORATED,B C OPERATING INC
BALIDOR OIL &GAS LLC,BALIDOR OIL & GAS LLC
BALLARD PETROLEUM HOLDINGS LLC,BALLARD PETROLEUM HOLDINGS LLC
BAM PERMIAN OPERATING LLC,BAM PERMIAN OPERATING LLC
BARTON ROY G JR,BARTON ROY G JR
BARTONROY G JR,BARTON ROY G JR
BASA RESOURCESINC,BASA RESOURCES INC
BASELINE MINERALS INC,BASELINE MINERALS INC
BASELOAD POWER US HOLDINGS INC,BASELOAD CAPITAL
BAY STATE WIND LLC,ORSTED A/S
BCE-MACH II LLC,BCE-MACH LLC
BCE-MACH III LLC,BCE-MACH LLC
BCE-MACH LLC,BCE-MACH LLC
BEACON ASSET HOLDINGS LLC,BEACON ASSET HOLDINGS LLC
BEACON GROWTHCO OPERATING COMPANY LLC,BEACON GROWTHCO OPERATING CO LLC
BEACON OFFSHORE ENERGY BUCKSKIN LLC,BEACON OFFSHORE ENERGY LLC
BEACON OFFSHORE ENERGY OPERATING LLC,BEACON OFFSHORE ENERGY LLC
BEACON WIND LLC,BEACON WIND LLC
BEARCAT ENERGY LLC,BEARCAT ENERGY LLC
BEARTOOTH OIL AND GAS COMPANY,BEARTOOTH OIL & GAS CO INC
BEDROCK PRODUCTION LLC,BEDROCK ENERGY PARTNERS LLC
BEHM ENERGYINC,BEHM ENERGY INC
BENNU OIL & GAS LLC,BENNU OIL & GAS LLC
BENSON-MONTIN-GREER DRLG CORP,BENSON-MONTIN-GREER DRILLING CORP
BEOWAWE POWERLLC,TERRA-GEN HOLDINGS II LLC
BEREN CORPORATION,BERENERGY CORP
BERENERGY CORPORATION,BERENERGY CORP
BERRY PETROLEUM COMPANY LLC,BERRY PETROLEUM CORP
BEST COAL INC,FM COAL LLC
BETA OPERATING COMPANY,AMPLIFY ENERGY CORP
BHP BILLITON PETROLEUM DEEPWATER INC,BHP
BHP BILLITON PETROLEUM FAYETTEVILLE,MERIT ENERGY CO
BHP BILLITON PETROLEUM GOM INC,BHP
BHP PETROLEUM AMERICASINC,BHP
BI-PETROINC,BI-PETRO INC
BISON OIL & GAS II LLC,BISON OIL & GAS LLC
BISON OIL & GAS III LLC,BISON OIL & GAS LLC
BKV BARNETT,BKV CORP
BKV NORTH TEXAS LLC,BKV CORP
BLACK BEAR OIL CORPORATION,BLACK BEAR OIL CORP
BLACK BUTTE COAL COMPANY,BLACK BUTTE COAL CO
BLACK DIAMOND ENERGY OF DELAWAREINC,BLACK DIAMOND MINERALS LLC
BLACK HILLS GAS LLC,BLACK HILLS CORP
BLACK WARRIOR METHANE CORP,BLACK WARRIOR METHANE CORP
BLACKCOMB ENERGY LLC,BLACKCOMB ENERGY LLC
BLACKJEWEL LLC,BLACKJEWEL LLC
BLUE DOLPHIN PIPE LINE COMPANY,BLUE DOLPHIN PRODUCTION LLC
BLUE DOLPHIN PRODUCTIONLLC,BLUE DOLPHIN PRODUCTION LLC
BLUE DOME OPERATING LLC,BLUE DOME OPERATING LLC
BLUE MOUNTAIN ENERGYINC,BLUE MOUNTAIN ENERGY INC
BLUE SPRUCE OPERATING LLC,BLUE SPRUCE OPERATING LLC
BLUEPOINT WIND LLC,BLUEPOINT WIND LLC
BLUESTONE NATURAL RESOURCES II LLC,BLUESTONE NATURAL RESOURCES LLC
BNI COALLTD,BNI ENERGY INC
BOE EXPLORATION & PRODUCTION LLC,BOE E&P LLC
BOIS D ARC EXPLORATION LLC,STONE ENERGY CORP
BONANZA CREEK OPERATING COLLC,CIVITAS RESOURCES INC
BOPCO LP,EXXON MOBIL CORP
BOPCOL P,EXXON MOBIL CORP
BOREALIS ALASKA OIL INC,BOREALIS ALASKA OIL INC
BOWIE RESOURCES LLC,BOWIE RESOURCES LLC
BP AMERICA PRODUCTION COMPANY,BP PLC
BP AMERICAN PRODUCTION COMPANY,BP PLC
BPX OPERATING COMPANY,BP PLC
BRADY POWER PARTNERS,ORMAT TECHNOLOGIES INC
BRAVO ARKOMA LLC,BRAVO NATURAL RESOURCES LLC
BRAZOS LIMITED PARTNERSHIP,BRAZOS LP
BREITBURN OPERATING L P,MAVERICK NATURAL RESOURCES LLC
BRG PETROLEUM LLC,CHESAPEAKE ENERGY CORP
BRIGHT ROCK ENERGY LLC,DEUTSCHE ROHSTOFF GROUP
BRO ENERGYLLC,BRO ENERGY LLC
BRONCO UTAH RESERVES INC.,BRONCO UTAH RESERVES INC
BROWER OIL AND GAS COMPANYINC,BROWER OIL AND GAS CO INC
BRUIN E&P OPERATING LLC,ENERPLUS CORP
BTA OIL PRODUCERSLLC,BTA OIL PRODUCERS LLC
BURGUNDY O&G OF NEW MEXICO INC,BURGUNDY OIL & GAS OF NEW MEXICO INC
BURLINGTON RESOURCES O&G CO LP,CONOCOPHILLIPS
BURLINGTON RESOURCES OIL & GAS,CONOCOPHILLIPS
BURLINGTON RESOURCES OIL AND GAS,CONOCOPHILLIPS
BURLINGTON RESOURCES OIL&GASCO,CONOCOPHILLIPS
BURLINGTONRESOURCES,CONOCOPHILLIPS
BURNETT OIL CO INC,BURNETT OIL CO INC
BUZZARDS BENCH LLC,BUZZARDS BENCH LLC
BXP OPERATING,BXP LTD
BYRON ENERGY INC,BYRON ENERGY LTD
C & J FIELD SERVICES,C & J GRAVEL PRODUCTS INC
CABALLO COAL COMPANY,PEABODY ENERGY CORP
CABOT OIL & GAS CORP,COTERRA ENERGY
CAERUS CROSS TIMBERS LLC,CAERUS OIL AND GAS LLC
CAERUS PICEANCE LLC,CAERUS OIL AND GAS LLC
CAERUS UINTA LLC,CAERUS OIL AND GAS LLC
CAERUS WASHCO LLC,CAERUS OIL AND GAS LLC
CALIFORNIA RESOURCES PRODUCTION CORP,CALIFORNIA RESOURCES CORP
CALLON PETROLEUM CO,CALLON PETROLEUM CO
CALNRG OPERATING LLC,CALIFORNIA NATURAL RESOURCES GROUP
CALPINE CALISTOGA HOLDINGS LLC,CALPINE CORP
CALYPSO EXPLORATIONLLC,STEPHENS NATURAL RESOURCES LLC
CAMTERRA RESOURCES INC,CAMTERRA RESOURCES INC
CANTIUM LLC,CANTIUM LLC
CANYON FUEL CO LLC-SKYLINE MNS,BOWIE RESOURCE PARTNERS
CANYON FUEL COLLC-DUGOUT CYN,BOWIE RESOURCE PARTNERS
CANYON FUEL COLLC-SUFCO MINE,BOWIE RESOURCE PARTNERS
CARBON CALIFORNIA COMPANY LLC,EVERGREEN RESOURCES INC
CARBON CREEK ENERGY LLC,CARBON CREEK ENERGY LLC
CARPENTER & SONS INC,CARPENTER & SONS INC
CARRELL OIL COMPANY,CARRELL OIL CO
CASILLAS PETROLEUM CORP,CASILLAS PETROLEUM CORP
CASILLAS PETROLEUM RESOURCE PARTNERS LLC,CASILLAS PETROLEUM RESOURCE PARTNERS LLC
CASSIDY AMERICAN RESOURCES LLC,TRIBUTE OIL & GAS LLC
CASTEX OFFSHORE INC,CASTEX ENERGY PARTNERS LP
CATAMOUNT ENERGY PARTNERS LLC,CATAMOUNT ENERGY PARTNERS LLC
CATHER-HERLEY,CATHER-HERLEY OIL CO
CAZA OPERATINGLLC,CAZA OIL & GAS INC
CEMEX,CEMEX
CENTENNIAL RESOURCE DEVELOPMENT INC,PERMIAN RESOURCES CORP
CENTURY OIL AND GAS LLC,CENTURY NATURAL RESOURCES LLC
CENTURY OIL AND GAS SOUTH LLC,CENTURY NATURAL RESOURCES LLC
CHACO ENERGY COMPANY,ENERGY FUTURE HOLDINGS CORP
CHAPARRAL ENERGY LLC,CHAPARRAL ENERGY LLC
CHAPARRAL ENERGYL L C,CHAPARRAL ENERGY LLC
CHARTER ENERGY PARTNERS LLC,CHARTER ENERGY PARTNERS LLC
CHARTER OAK PRODUCTION CO LLC,CHARTER ENERGY PARTNERS LLC
CHEMILY MANAGEMENT COMPANY,CHEMILY MANAGEMENT CO
CHESAPEAKE APPALACHIA LLC,CHESAPEAKE ENERGY CORP
CHESAPEAKE EXPLORATION LLC,CHESAPEAKE ENERGY CORP
CHESAPEAKE EXPLORATION LP,CHESAPEAKE ENERGY CORP
CHESAPEAKE OPERATINGLLC,CHESAPEAKE ENERGY CORP
CHEVRON MIDCONTINENTLP ROYALTY ONLY,CHEVRON CORP
CHEVRON PIPE LINE COMPANY,CHEVRON CORP
CHEVRON PRODUCTS COMPANY,CHEVRON CORP
CHEVRON U S A INC,CHEVRON CORP
CHEVRON U S AINC,CHEVRON CORP
CHEVRON USA HOLDINGS INC,CHEVRON CORP
CHEVRON USA INC,CHEVRON CORP
CHEVRON USAINC ROYALTIES,CHEVRON CORP
CHEVRON USAINCRENT/MR,CHEVRON CORP
CHI ENERGY INC,ENEL SPA
CHI OPERATING CO,ENEL SPA
CHIPCORE LLC,CHIPCORE LLC
CHISHOLM ENERGY AGENT INC,CHISHOLM ENERGY HOLDINGS LLC
CHISHOLM ENERGY OPERATING LLC,CHISHOLM ENERGY HOLDINGS LLC
CHISOS LTD,CHISOS LTD
CHUGACH ELECTRIC ASSOCIATION INC,CHUGACH ELECTRIC ASSOCIATION INC
CIMAREX ENERGY COMPANY,COTERRA ENERGY
CIMARRON EXPLORATION CO,CIMARRON EXPLORATION CO
CINER WYOMING LLC,TURKIYE SISE VE CAM FABRIKALARI A.S.
CITATION 2002 INVESTMENT LP,CITATION OIL & GAS CORP
CITATION OIL & GAS CORP,CITATION OIL & GAS CORP
CITIZEN ENERGY II LLC,CITIZEN ENERGY LLC
CITIZEN ENERGY III LLC,CITIZEN ENERGY LLC
CL&F OFFSHORE LLC,CL&F RESOURCES LP
CLAYTON WILLIAMS ENERGYINC,CLAYTON WILLIAMS ENERGY INC
CML EXPLORATIONLLC,CML EXPLORATION LLC
COBRA OIL AND GAS CORPORATION,COBRA OIL AND GAS CORP
CODY ENERGYINC -WY,CODY ENERGY INC
COERT AGENT 1 CO INC,COERT AGENT 1 CO INC
COG OPERATING LLC,CONOCOPHILLIPS
COG PRODUCTION LLC,CONOCOPHILLIPS
COLEMAN OIL & GASINC,COLEMAN OIL & GAS INC
COLGATE OPERATING LLC,PERMIAN RESOURCES CORP
COLGATE PRODUCTION LLC,PERMIAN RESOURCES CORP
COLORADO ENERGY MINERALS INC,COLORADO ENERGY MINERALS INC
COLORADO INTERSTATE GAS COMPANY,KINDER MORGAN INC
COLOWYO COAL COMPANY,TRI-STATE GENERATION & TRANSMISSION ASSOCIATION
COLUMBIA GAS TRANSMISSION LLC,TC ENERGY CORP
COMANCHE EXPL CO,COMANCHE EXPLORATION CO
COMANCHE RESOURCES CO,COMANCHE EXPLORATION CO
COMMUNITY OFFSHORE WIND LLC,COMMUNITY OFFSHORE WIND LLC
COMSTOCK OIL & GASLLC,COMSTOCK RESOURCES INC
CONCORD ENERGY LLC,CONCORD ENERGY LLC
CONOCO PHILLIPS ALASKAINC,CONOCOPHILLIPS
CONOCO PHILLIPS COMPANY,CONOCOPHILLIPS
CONOCOPHILLIPS ALASKAINC,CONOCOPHILLIPS
CONOCOPHILLIPS CO,CONOCOPHILLIPS
CONOCOPHILLIPS COMPANY,CONOCOPHILLIPS
CONTANGO OIL & GAS COMPANY,CONTANGO OIL & GAS CO
CONTANGO OPERATORSINC,CONTANGO OIL & GAS CO
CONTANGO RESOURCES INC,CONTANGO OIL & GAS CO
CONTEX ENERGY COMPANY LLC,CONTEX ENERGY CO
CONTINENTAL OPERATING CO,CONTINENTAL RESOURCES INC
CONTINENTAL RESOURCESINC,CONTINENTAL RESOURCES INC
CORDERO MINING - NTEC,NAVAJO TRANSITIONAL ENERGY CO
CORONADO PETROLEUM CORPORATION,CORONADO COAL
COSO GEOTHERMAL POWER HOLDINGSLLC,ATLANTICA SUSTAINABLE INFRASTRUCTURE
COTEAU PROPERTIES,NORTH AMERICAN COAL CORP
COUNTRYMARK REFINING AND LOGISTICS LLC,COUNTRYMARK COOPERATIVE HOLDING CORP
COX OIL OFFSHORE LLC,COX OPERATING LLC
COX OPERATING LLC,COX OPERATING LLC
COYOTE CREEK MINING COMPANY LLC,COYOTE CREEK MINING COMPANY LLC
CP ENERGY LLC,CP ENERGY LLC
CPX PICEANCE HOLDINGS LLC,CPX PICEANCE HOLDINGS LLC
CRAIGHEAD T C,CRAIGHEAD T C
CRAWLEY PETROLEUM CORP,CRAWLEY PETROLEUM CORP
CRESCENT POINT ENERGY US CORP,CRESCENT POINT ENERGY CORP
CRESTONE PEAK RESOURCES OPERATING LLS,CIVITAS RESOURCES INC
CRIMSON RESOURCE MANAGEMENT,CRIMSON RESOURCE MANAGEMENT CORP
CROSS TIMBERS ENERGY LLC,CROSS TIMBERS ENERGY LLC
CROWHEART ENERGY LLC,CROWHEART ENERGY LLC
CROWN ENERGY COMPANY,CROWN ENERGY PARTNERS LLC
CROWN OIL & GASINC,CROWN OIL PARTNERS
CRUX1 LLC,CRUX1 LLC
CUB CREEK ENERGY LLC,CUB CREEK ENERGY LLC
CUMBERLAND OPERATING LLC,CUMBERLAND OPERATING LLC
D90 ENERGY LLC,D90 ENERGY LLC
DARRAH OIL COMPANYLLC,DARRAH
DAVENPORT NEWBERRY HOLDINGS LLC,DAVENPORT NEWBERRY HOLDINGS LLC
DAVID HARRINGTON OIL & GASINC,DAVID H ARRINGTON OIL & GAS INC
DAVIS EXPLORATION,DAVIS EXPLORATION LLC
DAVIS EXPLORATION LLC,DAVIS EXPLORATION LLC
DAVIS OIL & GAS,DAVIS PETROLEUM CORP
"DCOR, L.L.C.",DCOR LLC
DECKER COAL COMPANY,LIGHTHOUSE RESOURCES INC
DECKER OPERATING CO LLC,DECKER OPERATING CO LLC
DEEP GULF ENERGY IILLC,KOSMOS ENERGY LTD
DEEP GULF ENERGY LP,KOSMOS ENERGY LTD
DEEPWATER ABANDONMENT ALTERNATIVES INC,HELIX ENERGY SOLUTIONS GROUP INC
DEEPWATER DEVELOPMENT COMPANY LLC,LLOG EXPLORATION CO LLC
DENBURY ONSHORELLC,DENBURY INC
DERBY ENERGY LLC,DERBY ENERGY LLC
DERBY EXPLORATION LLC,DERBY ENERGY LLC
DESERT EAGLE HOLDING COMPANY LLC,DESERT EAGLE HOLDING COMPANY LLC
DEVON ENERGY OPERATING COL P,DEVON ENERGY CORP
DEVON ENERGY PRODUCTION CO L P,DEVON ENERGY CORP
DEVON ENERGY PRODUCTION CO LP,DEVON ENERGY CORP
DG EXPLORATION INC,DG EXPLORATION INC
DGP ENERGY LLC,DG PETRO OIL & GAS LLC
DIAMOND RESOURCES CO,DIAMOND RESOURCES CO
DIVERSIFIED OIL & GAS LLC,DIVERSIFIED ENERGY CO PLC
DJR OPERATING LLC,DJR ENERGY LLC
DNR OIL & GASINC,DNR OIL & GAS INC
DOE RUN COMPANY,THE RENCO GROUP INC
DOMINION ENERGY QUESTAR PIPELINE LLC,DOMINION ENERGY INC
DORADO OIL COMPANY,DORADO OIL CO
DPOC LLC,DPOC LLC
DUGAN PRODUCTION CORPORATION,DUGAN PRODUCTION CORP
DUKE ENERGY RENEWABLES WIND LLC,DUKE ENERGY CO
E&B NATURAL RESOURCES MANAGEMENT CORP,GALESI GROUP
EAGLE OPERATINGINC,EAGLE OPERATING INC
EARTH POWER RESOURCES,US GEOTHERMAL INC
EARTHSTONE OPERATING LLC,EARTHSTONE ENERGY INC
EC OFFSHORE PROPERTIES INC,EC OFFSHORE PROPERTIES INC
ECHO PRODUCTIONINC,ECHO PRODUCTION INC
ECOPETROL AMERICA INC,ECOPETROL SA
EDGE ENERGY II LLC,EDGE ENERGY II LLC
EGL RESOURCES INC,EGL RESOURCES INC
EIGHTY-EIGHT OIL LLC,TRUE COMPANIES INC
EL PASO NATURAL GAS CO LLC,KINDER MORGAN INC
ELAND ENERGYINC,ELAND ENERGY INC
ELEPHANT OPERATING,ELEPHANT OPERATING LLC
ELK OPERATING SERVICES LLC,ELK PETROLEUM
ELLORA ENERGY INC,EXXON MOBIL CORP
ELLORA OPERATING L P,EXXON MOBIL CORP
ELM RIDGE RESOURCESINC,ELM RIDGE RESOURCES INC
EME WYOMING LLC,ELK MESA ENERGY LLC
EMERALD HOUSE LLC,88 ENERGY LTD
EMERALD OIL INC,EMERALD OIL INC
EMERY COUNTY COAL RESOURCES INC,EMERY COUNTY COAL RESOURCES INC
EMPIRE NEW MEXICO LLC,EMPIRE PETROLEUM CORP
EMPIRE OFFSHORE WIND LLC,EMPIRE OFFSHORE WIND LLC
ENCANA ENERGY RESOURCESINC,OVINTIV INC
ENCANA OIL & GAS USA INC,OVINTIV INC
ENCANA OIL AND GAS USA INC,OVINTIV INC
ENCINO OPERATING LLC,ENCINO OPERATING LLC
ENCORE ENERGY PARTNERS OPERATINGLLC,DENBURY INC
ENCORE OPERATINGL P,ENCORE OPERATING LP
ENDEAVOR ENERGY RESOURCESLP,ENDEAVOR ENERGY RESOURCES LP
ENDURING RESOURCES LLC,ENDURING RESOURCES LLC
ENEL COVE FORTLLC,ENEL SPA
ENERGEN RESOURCES CORPORATION,DIAMONDBACK ENERGY INC
ENERGY PARTNERS LIMITED,ENERGY TRANSFER EQUITY
ENERGY TRANSFER CRUDE MARKETING LLC,ENERGY TRANSFER CRUDE MARKETING LLC
ENERGY XXI GOMLLC,ENERGY XXI GOM LLC
ENERGYQUEST IILLC,ENERGYQUEST II LLC
ENERPLUS RESOURCES USA CORPORATION,ENERPLUS CORP
ENERQUEST OPERATING LLC,ENERQUEST OIL & GAS LLC
ENERVEST OPERATINGL L C,ENERVEST LTD
ENERVEST OPERATINGLLC,ENERVEST LTD
ENI OIL US LLC,ENI SPA
ENI PETROLEUM,ENI SPA
ENI US OPERATING COINC,ENI SPA
ENSIGHT IV ENERGY MANAGEMENT LLC,ENSIGHT IV ENERGY MANAGEMENT LLC
ENSTOR GRAMA RIDGE STORAGE & TRANSLLC,IBERDROLA S A
ENTERPRISE CRUDE OIL LLC,ENTERPRISE PRODUCTS PARTNERS LP
ENVEN ENERGY VENTURES LLC,ENVEN ENERGY CORP
EOG RESOURCESINC,EOG RESOURCES INC
"EOG Y RESOURCES, INC",EOG RESOURCES INC
EP ENERGY E&P COMPANY LP,EL PASO E & P MANAGEMENT INC
EPIC ENERGY LLC,EPIC ENERGY LLC
EPL OIL & GASINC,ENERGY XXI LTD
EQUINOR ENERGY LP,EQUINOR ASA
EQUINOR USA E&P INC,EQUINOR ASA
EQUITABLE RESOURCES EXPL,EQUITABLE RESOURCES EXPLORATION
EVEREST OIL & GAS LLC,EVEREST OIL & GAS LLC
EVERGREEN NATURAL RESOURCES LLC,EVERGREEN NATURAL RESOURCES LLC
EVERTSON OPERATING COMPANY INC,EVERTSON COMPANIES
EVOLUTION PETROLEUM CORP,EVOLUTION PETROLEUM CORP
EXARO ENERGY III LLC,EXARO III ENERGY LLC
EXCO OPERATING COMPANY LP,EXCO RESOURCES INC
EXCO-HGI JV ASSETS LLC,EXCO RESOURCES INC
EXTRACTION OIL GAS LLC,CIVITAS RESOURCES INC
EXXEL ENERGY USA INC,XXL ENERGY
EXXON MOBIL CORP,EXXON MOBIL CORP
EXXON MOBIL CORPORATION,EXXON MOBIL CORP
EXXONMOBIL PIPELINE COMPANY,EXXON MOBIL CORP
F.F. FOSTER & ASSOCIATES INC,F F FOSTER & ASSOCIATES INC
FAE II OPERATING LLC,FAE II OPERATING LLC
FAIR OILLC,FAIR OIL LC
FAIRWAY RESOURCES OPERATING III LLC,FAIRWAY RESOURCES OPERATING III LLC
FALKIRK MINING COMPANY,NORTH AMERICAN COAL CORP
FAMILY TREE OIL & GAS,FAMILY TREE OIL & GAS
FARMERKENNETH K,FARMER KENNETH K
FARRELL-COOPER MINING CO,FARRELL-COOPER MINING CO
FARRELL-COOPER MINING COMPANY,FARRELL-COOPER MINING CO
FASKEN OIL AND RANCHLTD,FASKEN OIL AND RANCH LTD
FDL OPERATING LLC,FLEUR DE LIS ENERGY LLC
FEATHERSTONE DEVELOPMENT CORP,FEATHERSTONE DEVELOPMENT CORP
FEATHERSTONE DEVELOPMENT CORPORATION,FEATHERSTONE DEVELOPMENT CORP
FEDERAL ABSTRACT CO,FEDERAL ABSTRACT CO
FERVO ENERGY,FERVO ENERGY CO
FIDELITY EXPLR & PRODUCTION CO,MDU RESOURCES GROUP INC
FIELDWOOD ENERGY INC,QUARTERNORTH ENERGY LLC
FIELDWOOD ENERGY IV LLC,QUARTERNORTH ENERGY LLC
FIELDWOOD ENERGY OFFSHORE LLC,QUARTERNORTH ENERGY LLC
FIELDWOOD SD OFFSHORE LLC,QUARTERNORTH ENERGY LLC
FINLEY RESOURCES INC,FINLEY RESOURCES INC
FLAT CREEK RESOURCES LLC,FLAT CREEK RESOURCES LLC
FLAT ROCK DEVELOPMENT LLC,FLAT ROCK DEVELOPMENT LLC
FLEXTREND DEVELOPMENT CO LLC,FLEXTREND DEVELOPMENT CO LLC
FLINT HILLS RESOURCES LP,KOCH INDUSTRIES INC
FLYWHEEL ENERGY PRODUCTION LLC,FLYWHEEL ENERGY LLC
FMC CORPORATION,FMC CORP
FOCUS EXPLORATIONLLC,FOCUS EXPLORATION LLC
FOOTHILLS EXPLORATION LLC,FOOTHILLS EXPLORATION LLC
FORESTAR PETROLEUM CORPORATION,FORESTAR PETROLEUM CORP
FORTY ACRES ENERGY,FORTY ACRES ENERGY LLC
FOSSIL ROCK RESOURCES LLC,FOSSIL CREEK RESOURCES LLC
FOUNDATION ENERGY FUND III-B HOLDING LLC,FOUNDATION ENERGY MANAGEMENT
FOUNDATION ENERGY FUND IV-A LP,FOUNDATION ENERGY MANAGEMENT
FOUNDATION ENERGY FUND V-B HOLDINGLLC,FOUNDATION ENERGY MANAGEMENT
FOUNDATION ENERGY MANAGEMENT,FOUNDATION ENERGY MANAGEMENT
FOUR CORNERS ENERGY LLC,FOUR CORNERS ENERGY LLC
FPR PINEDALE LLC,FREEPOINT COMMODITIES HOLDINGS LLC
FRAM OPERATINGLLC,FRAM OPERATING LLC
FRANCONIA MINERALS US LLC,ANTOFAGASTA PLC
FRANKLIN MOUNTAIN ENERGY LLC,FRANKLIN MOUNTAIN ENERGY LLC
FREEPORT MCMORAN OIL AND GAS LLC,MCMORAN EXPLORATION CO
FREEPORT-MCMORAN ENERGY LLC,MCMORAN EXPLORATION CO
FREEPORT-MCMORAN SULPHUR LLC,FREEPORT MCMORAN INC
FRONTIER FIELD SERVICES LLC,DURANGO INVESTMENT HOLDINGS LLC
FUNDARE RESOURCES OPERATING COMPANY LLC,FUNDARE RESOURCES GROUP
G2 LAND SERVICES,G2 LAND SERVICES INC
GAS ACQUISITION CORPORATION,GAS VENTURES LLC
GAS ENTERPRISE COMPANY,GAS VENTURES LLC
GCC ENERGY LLC,GRUPO CEMENTOS DE CHIHUAHUA
GENERAL PRODUCTION SERVICE,GENERAL PRODUCTION SERVICE
GENESIS ALKALI WYOMING L.P.,FMC CORP
GENESIS CRUDE OILLP,GENESIS ENERGY LP
GENTRY MOUNTAIN MINING LLC,GENTRY MOUNTAIN MINING LLC
GEYSERS POWER COMPANY LLC,CALPINE CORP
GMT EXPLORATION COLLC,GMT EXPLORATION CO LLC
GMT EXPLORATION COMPANY LLC,GMT EXPLORATION CO LLC
GOM ENERGY VENTURE I LLC,PEREGRINE OIL & GAS COMPANIES
GOM ENERGY VENTURE III LLC,PEREGRINE OIL & GAS COMPANIES
GOM SHELF LLC,GOM SHELF
GOMEX ENERGY OFFSHORELTD,GOMEX ENERGY OFFSHORE LTD
GONDOLA RESOURCES LLC,GONDOLA RESOURCES LLC
GPO OPERATING LLC,GPO OPERATING LLC
G-R CONTRACTINGINC,G R CONTRACTING INC
GRANT CANYON OIL & GAS LLC,GRANT CANYON OIL & GAS LLC
GRAYSON MILL OPERATING LLC,GRAYSON MILL ENERGY LLC
GRAYSON MILL WILLISTON LLC,GRAYSON MILL ENERGY LLC
GREAT WESTERN DRILLING,GREAT WESTERN DRILLING CO
GREAT WESTERN OPERATING COMPANY LLC,PDC ENERGY LLC
GREYHOUND ENERGY LLC,GREYHOUND ENERGY LLC
GREYLOCK PRODUCTION LLC,ARCLIGHT CAPITAL PARTNERS
GRIFFIN RESOURCES,GRIFFIN RESOURCES
GRIZZLY OPERATING LLC,GRIZZLY ENERGY LLC
GRMR OIL & GAS LLC,GRMR OIL & GAS LLC
GROCES LANDING,GROCE S LANDING LLC
GSOE I LLC,GSOE I LLC
GULF EXPLORATION LLC,GULF EXPLORATION LLC
GULFPORT ENERGY CORPORATION,GULFPORT ENERGY CORP
GULFPORT MIDCON LLC,GULFPORT ENERGY CORP
GULFSLOPE ENERGY INC,GULFSLOPE ENERGY INC
GUNGNIR RESOURCES LLC,GUNGNIR RESOURCES LLC
GUNNISON ENERGY LLC,OXBOW GROUP
GUNVOR USA LLC,GUNVOR GROUP
H L POWER COMPANY,RECYCLED ENERGY DEVELOPMENT LLC
HANNA OIL AND GAS COMPANY,HANNA OIL & GAS CO
HARVARD PETROLEUM COMPANYLLC,HARVARD PETROLEUM CO LLC
HARVEY MINERAL PARTNERS LP,HARVEY MINERAL PARTNERS LP
HATHAWAY LLC,HATHAWAY LLC
HE&D OFFSHORE LP,HE&D OFFSHORE LP
HEADINGTON OIL COMPANY LLC,HEADINGTON OIL CO LLC
HELENA RESOURCES INC,HELENA RESOURCES INC
HELIS OIL & GAS COMPANYL L C,HELIS OIL & GAS CO LLC
HELIS OIL & GAS COMPANYLLC,HELIS OIL & GAS CO LLC
HERBALY EXPLORATION LLC,HERBALY
HERCO LLC,HERCO
HESS BAKKEN INVESTMENTS I CORPORATION,HESS CORP
HESS BAKKEN INVESTMENTS II LLC,HESS CORP
HESS CORPORATION,HESS CORP
HIGH RIVER RESOURCES OPERATING LLC,HIGH RIVER RESOURCES OPERATING LLC
HIGHPOINT OPERATING CORPORATION,CIVITAS RESOURCES INC
HILCORP ALASKA LLC,HILCORP ENERGY CORP
HILCORP ENERGY COMPANY,HILCORP ENERGY CORP
HILCORP ENERGY IL P,HILCORP ENERGY CORP
HILCORP SAN JUAN LP,HILCORP ENERGY CORP
HLBROWN OPERATINGLLC,H L BROWN OPERATING LLC
HOGBACK EXPLORATIONINC,HOGBACK EXPLORATION INC
HOLLYFRONTIER NAVAJO REFINING LLC,HF SINCLAIR CORP
HOLMES WESTERN OIL CORPORATION,HOLMES WESTERN OIL CORP
HOMESTAKE O&G CO INC-JCCS,HOMESTAKE MINING CO OF CALIFORNIA
HOUSTON ENERGY DEEPWATER PARTNERS SPRUAN,HOUSTON ENERGY LP
HOUSTON ENERGY DEEPWATER VENTURES V LLC,HOUSTON ENERGY LP
HOUSTON ENERGYL P,HOUSTON ENERGY LP
HOWARD ENERGY CO INC,HOWARD ENERGY INC
HPOC LLC,HPOC LLC
HRM RESOURCES III LLC,HRM RESOURCES III LLC
HUDSON GROUP LLC,HUDSON OIL CO OF TEXAS
HUDSON OIL COMPANY OF TEXAS,HUDSON OIL CO OF TEXAS
HUNT CRUDE OIL SUPPLY COMPANY,RRH CORP
HUNT OIL COMPANY,RRH CORP
HUNT OIL USA INC,RRH CORP
HUNT PETROLEUM CORP,EXXON MOBIL CORP
HUNTINGTON ENERGYL L C,HUNTINGTON ENERGY LLC
HUNTINGTON OIL AND GAS LLC,HUNTINGTON OIL AND GAS LLC
HYPERION OIL & GAS LLC,HYPERION OIL & GAS LLC
IACX ENERGY LLC,GLENFARNE GROUP LLC
IACX PRODUCTION,GLENFARNE GROUP LLC
ILX HOLDINGS II LLC,RIVERSTONE HOLDINGS LLC
ILX HOLDINGS III LLC,RIVERSTONE HOLDINGS LLC
IMPACT ENERGY OPERATING LLC,IMPACT ENERGY OPERATING LLC
IMPACT EXPLORATION AND PRODUCTION LLC,IMPACT EXPLORATION AND PRODUCTION LLC
INDIGO HAYNESVILLE LLC,INDIGO MINERALS LLC
INDIGO MINERALS LLC,INDIGO MINERALS LLC
INFINITY HYDROCARBONS LLC,INFINITY HYDROCARBONS LLC
INLAND OIL & GAS CORPORATION,INLAND OIL & GAS CORP
INPEX AMERICAS INC,INPEX CORP
INTREPID OIL & GASLLC,INTREPID PRODUCTION CORP
INTREPID POTASH - MOAB LLC,INTREPID POTASH INC
INTREPID POTASH-NEW MEXICO,INTREPID POTASH INC
INTREPID PRODUCTION CORPORATION,INTREPID PRODUCTION CORP
INTREPID WENDOVER POTASH LLC,INTREPID POTASH INC
INVENERGY WIND OFFSHORE LLC,INVENERGY WIND OFFSHORE LLC
IRISH OIL & GAS INC,IRISH OIL & GAS INC
IRON OIL OPERATING LLC,IRON OIL OPERATING LLC
ITAFOS,CL FERTILIZERS HOLDING LLC
J P OIL COMPANY,JP OIL HOLDINGS LLC
J POIL COMPANY LLC,JP OIL HOLDINGS LLC
J ROIL LTD CO,J R OIL LTD CO
J RSIMPLOT COMPANY,JR SIMPLOT CO
JETCO ENERGY SERVICES LLC,JETCO ENERGY SERVICES LLC
JETTA OPERATING APPALACHIALLC,JETTA OPERATING CO
JETTA OPERATING CO,JETTA OPERATING CO
JMA RESOURCESINC,JMA ENERGY COMPANY LLC
JOHN HHENDRIX CORPORATION,JOHN H HENDRIX CORP
JONAH ENERGY (WEDGE),JONAH ENERGY LLC
JONES ENERGY LTD,JONES ENERGY LTD
JONESVERN K,JONES VERN K
JORDAN DEVELOPMENT COMPANY LLC,JORDAN DEVELOPMENT CO LLC
JP FURLONG CO,JP FURLONG CO
JRSIMPLOT COMPANY,JR SIMPLOT CO
JULANDER ENERGY COMPANY,JULANDER ENERGY CO
JUNEAU O&G LLC,JUNEAU O&G LLC
K2T2 RESOURCES LLC,K2T2 RESOURCES LLC
KAISER-FRANCIS OIL COMPANY,GBK CORP
KAUFFMAN THANA,KAUFFMAN THANA
KDS INVESTMENTS HOLDING LLC,KDS INVESTMENTS HOLDING LLC
KEMMERER OPERATIONS LLC.,KEMMERER OPERATIONS LLC
KENNEDY OIL,KENNEDY OIL
KENTEX WORLAND LLC,KENTEX WORLAND LLC
"KENTEX WORLAND, LLC",KENTEX WORLAND LLC
KERR-MCGEE O&G ONSHORE LLC,OCCIDENTAL PETROLEUM CORP
KERR-MCGEE OIL & GAS ONSHORE LP,OCCIDENTAL PETROLEUM CORP
KERR-MCGEE ROCKY MTN CORP,OCCIDENTAL PETROLEUM CORP
KEY PRODUCTION COMPANY INC,CIMAREX ENERGY CO
KGH OPERATING COMPANY,KGH OPERATING CO
KHODY LAND & MINERALS CO,KHODY LAND & MINERALS CO
KIEWIT MINING GROUP,PETER KIEWIT SONS INC
KIMBELL OIL COMPANY,KIMBELL OIL CO
KINDER MORGAN C02 COMPANY LLC,KINDER MORGAN CO
KIRKWOOD OIL AND GAS CO,KIRKWOOD COMPANIES
KIRKWOOD RESOURCES LLC,KIRKWOOD RESOURCES LLC
KNIK ARM SERVICES LLC,KNIK ARM SERVICES LLC
KNPRB LEASES INC,KNPRB LEASES INC
KOCH EXPLORATION COMPANY LLC,KOCH INDUSTRIES INC
KODA OPERATING LLC,KODA HOLDINGS LLC
KODA RESOURCES OPERATING LLC,KODA HOLDINGS LLC
KOSMOS ENERGY GULF OF MEXICO OPERATIONS,KOSMOS ENERGY LTD
KOSMOS ENERGY LTD,KOSMOS ENERGY LTD
KPKAUFFMAN COMPANYINC,KP KAUFFMAN CO INC
KRAKEN OIL & GAS II LLC,KRAKEN RESOURCES LLC
KRAKEN OIL & GAS IV LLC,KRAKEN RESOURCES LLC
KRAKEN OIL & GAS LLC,KRAKEN RESOURCES LLC
KT RESOURCES,KT RESOURCES
LAKOTA ENERGY LTD,LAKOTA ENERGY PARTNERS LTD
LAMBDA ENERGY RESOURCES,LAMBDA ENERGY RESOURCES
LANDMARK ENERGY LLC,LANDMARK ENERGY LLC
LANDMARK ENERGY XV LLC,LANDMARK ENERGY XV LLC
LANGHAM PETROLEUM LLC,LARAMIDE EXPLORATION LLC
LARAMIE ENERGY INVESTMENTS LLC,LARAMIE ENERGY II LLC
LARAMIE ENERGY LLC,LARAMIE ENERGY II LLC
LARGO EXPLORATION RES LLC,LARGO EXPLORATION RES LLC
LARRY R MOYER EXPLORATION LLC,LARRY R MOYER EXPLORATION LLC
LASRICH LANE,LANE LASRICH
LASSO OIL & GASLLC,LASSO OIL & GAS LLC
LATIGO PETROLEUM LLC,LATIGO PETROLEUM LLC
LE NORMAN OPERATING LLC,TEMPLAR ENERGY LLC
LEEDE OPERATING COMPANYLLC,LEEDE OPERATING CO LLC
LEGACY RESERVES OPERATING LP,LEGACY RESERVES INC
LEONARDITE PRODUCTS LLC,LEONARDITE PRODUCTS LLC
LEVI SAP NEI THANG LLC,THANG LEVI SAP NEI
LEXCO HOLDING LLC,AMERICAN GILSONITE CO
LH OPERATING LLC,LH OPERATING LLC
LHOIST NORTH AMERICA,LHOIST NORTH AMERICA INC
LIBERTY PETROLEUM CORPORATION,LIBERTY PETROLEUM CORP
LIBERTY PIONEER ENERGY SOURCE,LIBERTY PIONEER ENERGY SOURCE INC
LIBERTY RESOURCES MANAGEMENT CO LLC,RIVERSTONE HOLDINGS LLC
LIGHTNING DOCK GEOTHERMAL HI-01 LLC,CYRQ ENERGY INC
LIME ROCK RESOURCES II-A LP,LIME ROCK RESOURCES
LIME ROCK RESOURCES III-A LP,LIME ROCK RESOURCES
"LIME ROCK RESOURCES IV-A, LP",LIME ROCK RESOURCES
LIME ROCK RESOURCES V-A L.P.,LIME ROCK RESOURCES
LINCOLN ENERGY HOLDINGS LLC,LINCOLN ENERGY HOLDINGS LLC
LIVELY EXPLORATION COMPANY,LIVELY EXPLORATION CO
LLOG EXPLORATION OFFSHORELLC,LLOG EXPLORATION LLC
LOCIN OIL CORPORATION,LOCIN OIL CORP
LOGOS OPERATING LLC,LOGOS OPERATING LLC
LOIL OIL LLC,LOIL OIL LLC
LONETREE ENERGY & ASSOCIATES LLC,LONETREE ENERGY & ASSOCIATES LLC
LONGFELLOW ENERGY LP,LONGFELLOW ENERGY LP
LONGS PEAK RESOURCES LLC,LONGS PEAK RESOURCES LLC
LOUISVILLE GAS & ELECTRIC CO,PPL CORP
LUFF EXPLORATION COMPANY,LUFF EXPLORATION CO
LUMA Minerals LLC,LUMA MINERALS LLC
M & K OIL COMPANY,M & K OIL CO LLC
M&G DRILLING COMPANYINC,M&G DRILLING CO INC
M21KLLC,COX OPERATING LLC
MACK ENERGY COMPANY,MACK ENERGY CORP
MACK ENERGY CORPORATION,MACK ENERGY CORP
MACPHERSON OIL COMPANY LLC,MACPHERSON ENERGY CORP
MAGNUM PRODUCING LP,MAGNUM PRODUCING LP
MAJOR OIL INTERNATIONAL LLC,US OIL & GAS PLC
MAKOIL INC,MAKOIL INC
MAKOILINCORPORATED,MAKOIL INC
MALLARD EXPLORATION LLC,MALLARD EXPLORATION LLC
MAMMOTH PACIFIC L P,ORMAT NEVADA INC
MANZANO LLC,MANZANO OIL CORP
MAR OIL & GAS CORPORATION INC,MAR OIL & GAS CORP
MARALEX RESOURCESINC,MARALEX RESOURCES INC
MARATHON OIL CO,MARATHON OIL CO
MARATHON OIL COMPANY,MARATHON OIL CO
MARIAH ENERGY LIMITED LIABILITY COMPANY,MARIAH ENERGY LLC
MARITECH RESOURCESINC,ORINOCO NATURAL RESOURCES
MARQUIS RESOURCES LLC,MARQUIS RESOURCES LLC
MARSHALL & WINSTONINC,MARSHALL & WINSTON INC
MARTIN FUELS INC,MARTIN FUELS INC
MARUBENI OIL & GAS USA INC,MARUBENI CORP
MATADOR RESOURCES COMPANY,MATADOR RESOURCES CO
MATRIX PRODUCTION COMPANY,MATRIX PRODUCTION CO
MAURICE W BROWN OIL & GAS LLC,MAURICE W BROWN OIL & GAS LLC
MAVERICK PERMIAN LLC,MAVERICK PERMIAN LLC
MAXIMUS OPERATING LTD,MAXIMUS OPERATING LTD
MAYFLOWER WIND ENERGY LLC,MAYFLOWER WIND ENERGY LLC
MBOGO ENERGY LLC,MBOGO ENERGY LLC
MC OFFSHORE PETROLEUMLLC,MC OFFSHORE PETROLEUM LLC
MCELVAIN ENERGY INC,MCELVAIN ENERGY INC
MCMORAN OIL & GAS LLC,FREEPORT-MCMORAN INC
MCRLLC,MCR LLC
MEDCO ENERGI US LLC,MEDCO ENERGI INTERNASIONAL TBK
MEMORIAL PRODUCTION OPERATING LLC,AMPLIFY ENERGY CORP
MERCURIA ENERGY AMERICA LLC,MERCURIA ENERGY GROUP HOLDING SA
MERIT ENERGY COMPANY LLC,MERIT ENERGY CO
MERIT HUGOTON LP,MERIT ENERGY CO
MERIT MANAGEMENT PARTNERS IIILP,MERIT MANAGEMENT PARTNERS III LP
MERRION OIL & GAS CORPORATION,MERRION OIL & GAS CORP
MESSER NORTH AMERICA INC,MESSER INDUSTRIE GMBH
MEWBOURNE OIL COMPANY,MEWBOURNE HOLDINGS INC
MH7 MINERALS LLC,MH7 MINERALS LLC
MID-CON ENERGY III LLC,MID-CON ENERGY PARTNERS LP
MID-CON ENERGY OPERATINGLLC,MID-CON ENERGY PARTNERS LP
MID-CON ENERGY PROPERTIES LLC,MID-CON ENERGY PARTNERS LP
MIDDLE FORK ENERGY UNITA LLC,KODA HOLDINGS LLC
MILLER ENERGY COMPANY II LLC,SUMMIT OPERATING LLC
MOEX NORTH AMERICA LLC,MITSUI OIL EXPLORATION CO LTD
MONCRIEF OIL & GAS MASTER LLC,MONCRIEF PARTNERS LP
MONCRIEF PARTNERSL P,MONCRIEF PARTNERS LP
MONCRIEFWAJR,MONCRIEF PARTNERS LP
MONFORTE EXPLORATION L L C,MONFORTE EXPLORATION LLC
MORNINGSTAR OPERATING LLC,MORNINGSTAR OPERATING LLC
MOSAIC FERTILIZERLLC,THE MOSAIC COMPANY
MOSAIC POTASH CARLSBAD INC,THE MOSAIC COMPANY
MOTHER EARTH INDGEOTHERMAL,MOTHER EARTH INDUSTRIES
MOUNTAIN COAL COMPANYLLC,ARCH COAL INC
MOUNTAIN FUEL SUPPLY -INVALID-,DOMINION ENERGY INC
MOUNTAIN OIL AND GAS CO,DOMINION ENERGY INC
MP GULF OF MEXICO LLC,MP GULF OF MEXICO LLC
MR NM OPERATING LLC,MR NM OPERATING LLC
MRC DELAWARE RESOURCES LLC,MATADOR RESOURCES CO
MURCHISON OIL AND GAS LLC,MURCHISON OIL AND GAS LLC
MURFIN DRILLING CO,MURFIN DRILLING COMPAN INC
MURPHY EXPLORATION & PRODUCTION CO - USA,MURPHY OIL CORP
MURPHY EXPLORATION AND PROD CO,MURPHY OIL CORP
MUSKEGON DEVELOPMENT COMPANY,MUSKEGON DEVELOPMENT CO
MUSTANG ENERGY RESOURCES LLC,MUSTANG ENERGY RESOURCES LLC
MUSTANG FUEL CORPORATION,MUSTANG FUEL CORP
NAFTEX HOLDINGS LTD,NAFTEX HOLDINGS LTD
NATIONAL FUEL CORPORATION,NATIONAL FUEL CORP
NATURAL GAS PROCESSING CO,NATURAL GAS PROCESSING CO
NATURAL SODALLC,JM HUBER CORP
NAVAJO NATION OIL AND GAS CO INC,NAVAJO NATION OIL AND GAS CO INC
NAVIGATION POWDER RIVER LLC,NAVIGATION PETROLEUM
NERD GAS COMPANYLLC,NERD GAS CO LLC
NEW HORIZON RESOURCES LLC,US ENERGY CORP
NEW MEXICO SALT & MINERALS,NEW MEXICO SALT & MINERALS CORP
NEWFIELD EXPLR MID-CONTINENTRENT ONLY,OVINTIV INC
NEWFIELD MID-CONTINENT EXPLOR ROYALTY,OVINTIV INC
NEWKUMET EXPLORATIONINC,NEWKUMET EXPLORATION INC
NEWWOODS PETROLEUM LLC,NEWWOODS PETROLEUM LLC
NEXEN PETROLEUM OFFSHORE USA I,CNOOC LTD
NGP BLUE MOUNTAIN ILLC,EIG GLOBAL ENERGY PARTNERS
NINE POINT ENERGY LLC,NINE POINT ENERGY LLC
NMT OIL COMPANYINC,NMT OIL CO INC
NOBLE ENERGY PRODUCTIONINC,CHEVRON CORP
NOBLE ENERGY WYCO LLC,CHEVRON CORP
NOBLE ENERGYINC,CHEVRON CORP
NOBLE PETROLEUMLLC,CHEVRON CORP
NOEX ENERGYINC,ENEOS HOLDINGS INC
NORRA RESOURCES LLC,NORRA RESOURCES LLC
NORTH FINN,NORTH FINN LLC
NORTH SHORE EXPLORATION & PRODUCTION LLC,NORTH SHORE EXPLORATION & PRODUCTION LLC
NORTH SILO RESOURCES,NORTH SILO RESOURCES LLC
NORTH SLOPE ENERGY LLC,ARMSTRONG OIL & GAS INC
NORTH SLOPE EXPLORATION LLC,ARMSTRONG OIL & GAS INC
NORTHERN CA PWR AGY-GEOTHERMAL,NORTHERN CALIFORNIA POWER AGENCY
NORTHSTAR GAS COMPANY,NORTHSTAR OFFSHORE GROUP LLC
NORTHWESTERN CORPORATION,NORTHWESTERN CORP
NORTHWOODS LAND INC,NORTHWOODS ENERGY LLC
NORTHWOODS OPERATING LLC,NORTHWOODS ENERGY LLC
NOVO OIL & GAS NORTHERN DELAWARE,NOVO OIL & GAS LLC
NP RESOURCES LLC,NP RESOURCES LLC
NUCOR ENERGY HOLDINGS,NUCOR CORP
NU-WEST INDUSTRIES,NUTRIEN
O BRIEN ENERGY RESOURCES CORPORATION,O BRIEN ENERGY RESOURCES CORP
O&G PROF-J&M RAYMOND,O&G PROF-J&M RAYMOND
OASIS PETROLEUM NORTH AMERICA LLC,CHORD ENERGY CORP
OCCIDENTAL PERMIAN LIMITED PARTNERSHIP,OCCIDENTAL PETROLEUM CORP
OCCIDENTAL PERMIAN LTD-TULSA,OCCIDENTAL PETROLEUM CORP
OGOG (GOM 1) INC,OG OIL & GAS LTD
OIL MOUNTAIN ENERGY INC,OIL MOUNTAIN ENERGY INC
OIL SEARCH ALASKA LLC,OIL SEARCH LTD
OKREEK OIL AND GAS LLC,OKREEK OIL AND GAS LLC
OM GEOTHERMAL LLC,OM GEOTHERMAL LLC
OMIMEX CANADALTD,THE OMIMEX GROUP
OMIMEX PETROLEUMINC,THE OMIMEX GROUP
ONSHORE ROYALTIES LLC,ONSHORE HOLDINGS LLC
OPAL OPERATING COMPANY LLC,OPAL RESOURCES LLC
ORMAT NEVADA INC,ORMAT NEVADA INC
ORMAT NEVADAINC,ORMAT NEVADA INC
ORNI 15,ORMAT NEVADA INC
ORNI 32 LLC,ORMAT NEVADA INC
ORNI 39 LLC,ORMAT NEVADA INC
ORNI 43 LLC,ORMAT NEVADA INC
ORNI 47 LLC,ORMAT NEVADA INC
ORSTED NORTH AMERICA INC,ORSTED A/S
OSAGE PARTNERS LLC,OSAGE PARTNERS LLC
"OSBORN HEIRS COMPANY, LTD.",OSBORN HEIRS CO LTD
OTT INC,OTT INC
OTTO ENERGY (GULF TWO) LLC,OTTO ENERGY LTD
OTTO ENERGY LLC,OTTO ENERGY LTD
OVINTIV USA INC,ALENCO INC
OWN RESOURCES OPERATING LLC,OWN RESOURCES OPERATING LLC
OXBOW MINING LLC,OXBOW GROUP
OXY USA,OCCIDENTAL PETROLEUM CORP
OXY USA INC,OCCIDENTAL PETROLEUM CORP
OXY USAINC,OCCIDENTAL PETROLEUM CORP
OXY Y-1 COMPANY,OCCIDENTAL PETROLEUM CORP
P4 PRODUCTIONLLC,BAYER AG
PACE DIVERSIFIED CORPORATION,PACE DIVERSIFIED CORP
PACER ENERGYLLC,PACER ENERGY LLC
PACIFIC ENERGY & MINING CO,PACIFIC ENERGY & MINING CO
PACIFIC OPERATORS OFFSHORE LLC,PACIFIC OPERATORS OFFSHORE LLC
PACIFICORP ENERGY,BERKSHIRE HATHAWAY
PACIFICORP ENERGY FUEL RESOURCES,BERKSHIRE HATHAWAY
PADCO LLC,PADCO LLC
PAJARO ENERGY LLC,YATES INDUSTRIES LLC
PALMER PETROLEUM INC,PALMER PETROLEUM INC
PANTERA ENERGY COMPANY,PANTERA ENERGY CO
PAR MINERALS CORPORATION,PAR MINERALS CORP
PARADOX UPSTREAM LLC,PARADOX RESOURCES LLC
PARALLEL PETROLEUM LLC,PLL HOLDINGS LLC
PATUA ACQUISITION CO LLC,CYRQ ENERGY INC
PDC ENERGY INC,PDC ENERGY INC
PEABODY NATURAL GAS LLC,PEABODY ENERGY CORP
PEABODY NATURAL RESOURCES CO,PEABODY ENERGY CORP
PEABODY SOUTHEAST MINING LLC,PEABODY ENERGY CORP
PEABODY WESTERN COAL COMPANY,PEABODY ENERGY CORP
PEAK MINERALS INC,PEAK MINERALS INC
PEAK POWDER RIVER ACQUISITIONS LLC,PEAK POWDER RIVER RESOURCES LLC
PEAK POWDER RIVER RESOURCES LLC,PEAK E&P LLC
PEAKVIEW OIL CO LLC,PEAKVIEW ENERGY CO LLC
PENROC OIL CORPORATION,PENROC OIL CORP
PERCUSSION PETROLEUM OPERATING LLC,PERCUSSION PETROLEUM OPERATING LLC
PEREGRINE OIL & GAS IILLC,PEREGRINE OIL & GAS COMPANIES
PEREGRINE OIL & GASLP,PEREGRINE OIL & GAS COMPANIES
PEREGRINE PETROLEUM PARTNERS LTD,PEREGRINE PETROLEUM PARTNERS LTD
PETEX,PETEX LTD
PETRO HARVESTER OIL & GAS LLC,PETRO HARVESTER OIL & GAS LLC
PETRO HUNT LLC,PETRO-HUNT LLC
PETRO MEX LLC,PETRO VENTURES INC
PETRO RESOURCES INC,PETRO VENTURES INC
PETRO VENTURESINC,PETRO VENTURES INC
PETROBRAS AMERICA INC,PETROLEO BRASILEIRO SA - PETROBAS
PETROGULF CORPORATION,PETROGULF CORP
PETRO-HUNT DAKOTALLC,PETRO-HUNT LLC
PETRO-HUNT LLC,PETRO-HUNT LLC
PETROLEUM DEVELOPMENT CORPORATION,PDC ENERGY
PETROQUEST ENERGY LLC,PETROQUEST ENERGY LLC
PETROSHALE US INC,LUCERO ENERGY
PETROX RESOURCES INC,PETROX RESOURCES INC
PETROXINC,PETROX RESOURCES INC
PHILIP T SHARPLES TRUST,PHILIP T SHARPLES TRUST
PHILLIPS 66 COMPANY,PHILLIPS 66 CO
PHOENIX CAPITAL GROUP HOLDINGS LLC,PHOENIX CAPITAL GROUP HOLDINGS LLC
PHOENIX HYDROCARBONS OPER CORP,PHOENIX HYDROCARBONS OPERATING CORP
PHOENIXPRODUCTION COMPANY,BREITBURN ENERGY PARTNERS LP
PHX ENERGY LLC,PHX ENERGY LLC
PILLAR ENERGY,PETRO-HUNT LLC
PINE HAVEN RESOURCES LLC,PINE HAVEN RESOURCES LLC
PINE WAVE ENERGY PARTNERS OPERATING LLC,PINE WAVE ENERGY PARTNERS OPERATING LLC
PINEDALE ENERGY INC,UP ENERGY LLC
PINEDALE ENERGY PARTNERS OPERATING LLC,UP ENERGY LLC
PINEDALE INVESTMENTINC,PINEDALE INVESTMENT INC
PINNACLE OPERATING COMPANYINC,PINNACLE MINING CO LLC
PIONEER NATURAL RESOURCES USA INC,PIONEER NATURAL RESOURCES USA INC
PIONEER OIL & GAS,PIONEER OIL & GAS CORP
PLAINS MARKETINGL P,PLAINS GP HOLDINGS
PO&G OPERATING LLC,PO&G RESOURCES LP
POC-ILLC,POC-I LLC
"POGO OIL & GAS OPERATING, INC",POGO OIL AND GAS OPERATING INC
POGO OIL AND GAS OPERATING INC,POGO OIL AND GAS OPERATING INC
POWDER BATTALION HOLDINGS LLC,POWDER BATTALION HOLDINGS LLC
POWDER RIVER COAL LLC,PEABODY ENERGY CORP
PRE RESOURCES LLC,PRE RESOURCES LLC
PREMIER OIL AND GASINC,HARBOUR ENERGY PLC
PRESIDIO INVESTMENT HOLDINGS LLC,MORGAN STANLEY ENERGY PARTNERS
PRIDE ENERGY COMPANY,PRIDE ENERGY CO
PRIMA EXPLORATIONINC,PRIMA EXPLORATION INC
PRIMARY FUELS LLC,PRIMARY FUELS LLC
PRIME ROCK RESOURCES LLC,PRIME ROCK RESOURCES LLC
PRINCIPLE PETROLEUM PARTNERS LLC,PRINCIPLE PETROLEUM PARTNERS LLC
PRODUCTION GATHERING COMPANY,PRODUCTION GATHERING CO
PUBLIC SERVICE CO OF CO NG GRP,PUBLIC SERVICE CO OF CO NG GRP
QEP ENERGY COMPANY,DIAMONDBACK ENERGY INC
QUARTERNORTH ENERGY LLC,QUARTERNORTH ENERGY LLC
QUICKSILVER RESOURCES INC,QUICKSILVER RESOURCES INC
QUINEX ENERGY CORPORATION,QUINEX ENERGY CORP
R & R ROYALTYLTD,R & R ROYALTY LTD
RANGE PRODUCTION CORPORATION,RANGE PRODUCTION CORP
RANGEVIEW RESOURCES OPERATING CO LLC,RANGEVIEW RESOURCES OPERATING COMPANY LL
RASER POWER SYSTEMS LLC,MACQUARIE INFRASTRUCTURE AND REAL ASSETS
RAVEN FOREST OPERATING LLC,RAVEN FOREST OPERATING LLC
RAYBAW OPERATING LLC,RAYBAW OPERATING LLC
READ & STEVENSINCORPORATED,READ & STEVENS INC
REAGAN SMITH ENERGY SOLUTIONS INC,REAGAN SMITH ENERGY SOLUTIONS INC
RED FORK USA INVESTMENTS INC,BROOKSIDE ENERGY LTD
RED WILLOW GREAT PLAINS LLC,SOUTHERN UTE INDIAN TRIBE
RED WILLOW OFFSHORELLC,SOUTHERN UTE INDIAN TRIBE
RED WILLOW PRODUCTION CO,SOUTHERN UTE INDIAN TRIBE
REDLAND RESOURCES INC,REDLAND RESOURCES INC
REDWOLF PRODUCTIONINC,REDWOLF PRODUCTION INC
REDWOOD OPERATING LLC,REDWOOD OPERATING LLC
REGENERATE ALASKA INC,REGENERATE ALASKA INC
REGENERATION ENERGY CORP,REGENERATION ENERGY CORP
RELIABLE PRODUCTION LLC,RELIABLE PRODUCTION LLC
RELIANCE ENERGY INC,RELIANCE ENERGY INC
REMNANT OIL OPERATING LLC,REMNANT OIL OPERATING LLC
RENAISSANCE OFFSHORE LLC,RENAISSANCE OFFSHORE LLC
RENOS LAND & MINERALS,DEVON ENERGY CORP
REPSOL E&P USA INC,REPSOL SA
REPSOL OIL & GAS USA LLC,REPSOL SA
RESOLUTE NATURAL RESOURCES,RESOLUTE ENERGY CORP
RESOURCE DEVELOPMENT TECHNOLOGY LLC,RESOURCE DEVELOPMENT TECHNOLOGY LLC
RETAMCO OPERATING INC,RETAMCO OPERATING INC
REVELATION ENERGY LLC,REVELATION ENERGY LLC
REVOLUTION WIND LLC,REVOLUTION WIND LLC
RICHARDSON OPERATING COMPANY,RICHARDSON OPERATING CO
RIDGE RUNNER RESOURCES OPERATING LLC,RIDGE RUNNER RESOURCES OPERATING LLC
RIDGELAKE ENERGYINC,RIDGELAKE ENERGY INC
RIDGEWOOD ENERGY CORPORATION,RIDGEWOOD COMPANIES
RIDGEWOOD ENERGY OIL & GAS FUND II LP,RIDGEWOOD COMPANIES
RIDGEWOOD ENERGY OIL & GAS FUND III LP,RIDGEWOOD COMPANIES
RIDGEWOOD ENERGY OIL & GAS FUND IV LP,RIDGEWOOD COMPANIES
RIM OPERATING INC,RIM OPERATING INC
RIMROCK OIL & GAS WILLISTON LLC,RIMROCK OIL & GAS LLC
RIO ENERGY INTERNATIONAL INC,RIO ENERGY INTERNATIONAL INC
RIVERSIDE ENERGY MICHIGAN LLC,RIVERSIDE ENERGY HOLDINGS
RIVERSIDE MINERALS LLC,RIVERSIDE MINERALS LLC
RIVIERA OPERATING LLC,RIVIERA RESOURCES INC
ROAN RESOURCES LLC,CITIZEN ENERGY OPERATING LLC
ROBERT L BAYLESSPRODUCER,ROBERT L BAYLESS PRODUCER LLC
ROBERT LBAYLESSPRODUCER LLC,ROBERT L BAYLESS PRODUCER LLC
ROCKIES RESOURCES HOLDINGS LLC,ROCKIES RESOURCES LLC
ROCKY MOUNTAIN CRUDE OIL LLC,RMCO HOLDINGS LLC
RODATHERM ENERGY CORPORATION,RODATHERM ENERGY CORP
RODDY PRODUCTION COMPANYLLC,RODDY PRODUCTION CO LLC
ROOSTER OIL & GASLLC,ROOSTER ENERGY LTD
ROOSTER PETROLEUM LLC,ROOSTER PETROLEUM LLC
ROSE PETROLEUM UTAH LLC,ROSE PETROLEUM UTAH LLC
ROSEWOOD RESOURCESINC,THE ROSEWOOD CORP
ROSS EXPLORATIONSINC,ROSS EXPLORATIONS INC
SAGE NATURAL RESOURCES LLC,SAGE NATURAL RESOURCES LLC
SAMSON O & G USA INC,SAMSON OIL & GAS LTD
SAMSON RESOURCES COMPANY LLC,SAMSON RESOURCES II LLC
SAN JUAN BASIN PROPERTIES LLC,SAN JUAN BASIN PROPERTIES LLC
SAN JUAN RESOURCESINC,SAN JUAN RESOURCES INC
SAN PEDRO BAY PIPELINE COMPANY,AMPLIFY ENERGY CORP
SANARE ENERGY PARTNERS LLC,SANARE ENERGY PARTNERS LLC
SANDRIDGE ENERGY INC,SANDRIDGE ENERGY INC
SANDRIDGE EXPL PROD LLC,SANDRIDGE EXPL PROD LLC
SBI WEST TEXAS I LLC,SBI WEST TEXAS I LLC
SCHALK DEVELOPMENT CO,SCHALK DEVELOPMENT CO
SCOUT ENERGY MANAGEMENT LLC,SCOUT ENERGY PARTNERS
SCR ENERGY CAPITAL LLC,SCR ENERGY CAPITAL LLC
SCYTHIANLTD,SCYTHIAN LTD
SEA EAGLE FORD LLC,SUNDANCE ENERGY INC
SEARLES VALLEY MINERALS,NIRMA LTD
SEELEY OIL COMPANY,SEELEY OIL CO
SELL STEVE,SELL STEVE
SENECA RESOURCES COMPANY LLC,SENECA RESOURCES COMPANY LLC
SENTINEL PEAK RESOURCES CALIFORNIA LLC,SENTINEL PEAK RESOURCES LLC
SEVEN SISTERS OIL AND GAS LLC,SEVEN SISTERS OIL AND GAS LLC
SG INTERESTS ILTD,SG INTERESTS I LTD
SHARBRO ENERGY LLC,SHARBRO ENERGY LLC
SHELBY BOSWELL OPERATOR LLC,SHELBY BOSWELL OPERATOR LLC
SHELL GULF OF MEXICOINC,SHELL PLC
SHELL OFFSHORE INC,SHELL PLC
SHELL OFFSHOREINCORPORATED,SHELL PLC
SHELL PIPELINE COMPANY LP,SHELL PLC
SHELL TRADING US COMPANY,SHELL PLC
SIGNAL HILL COMPANY LLC,THE SIGNAL HILL CO LLC
SIGNAL PEAK ENERGY LLC,GLOBAL MINING GROUP LLC
SILVERBACK OPERATING II LLC,SILVERBACK EXPLORATION LLC
SIMCOE LLC,IKAV ENERGY INC
SITKA OIL AND GAS LLC,SITLKA OIL AND GAS LLC
SLASH EXPLORATION LP,SLASH EXPLORATION LP
SLAWSON EXPLORATION CO INC,SLAWSON COMPANIES
SLAWSON EXPLORATION COINC,SLAWSON COMPANIES
SM ENERGY COMPANY,SM ENERGY CO
SMC OIL & GAS LLC,SMC CORP OF AMERICA
SMITH RED PLAINS PRODUCTION,SMITH RED PLAINS PRODUCTION
SND OPERATINGLLC,SND ENERGY CO INC
SNOW OIL & GASINC,SNOW OIL & GAS INC
SNOWY OWL LLC,SNOWY OWL LLC
SOGC INC,REH CO
SOJITZ ENERGY VENTUREINC,SOJITZ ENERGY VENTURE INC
SOLIS PARTNERS LLC,SOLIS PARTNERS LLC
SOLVAY CHEMICALSINC,SOLVAY
SOLVAY USA INC,SOLVAY
SOMONT OIL COMPANYINC,SOMONT OIL CO INC
SOUTH PASS PETROLEUM INC,SOUTH PASS PETROLEUM INC
SOUTHERN CALIFORNIA GAS CO,SEMPRA ENERGY
SOUTHERN CALIFORNIA PUBLIC POWER AUTH,SOUTHERN CALIFORNIA PUBLIC POWER AUTHORITY
SOUTHLAND ROYALTY COMPANY LLC,SOUTHLAND ROYALTY CO LLC
SOUTHWEST ROYALTIES INC,NOBLE ENERGY
SOUTHWESTERN PRODUCTION CORP,SOUTWESTERN PRODUCTION CORP
SPC RESOURCES LLC,SPC RESOURCES LLC
SPECIAL ENERGY CORPORATION,SPECIAL ENERGY CORP
SPIRE STORAGE WEST LLC,SPIRE INC
SPRING CREEK COAL - NTEC,CLOUD PEAK ENERGY INC
SPUR ENERY PARTNERS LLC,SPUR ENERGY PARTNERS LLC
STAGHORN PETROLEUM II LLC,STAGHORN PETROLUEM LLC
STAGHORN PETROLEUM LLC,STAGHORN PETROLUEM LLC
STANDARD ENERGY CORP,STANDARD ENERGY CORP
STATE OF ALASKA,STATE OF ALASKA
STEAMBOAT HILLSL P,ORMAT NEVADA INC
STEPHENS & JOHNSON OPERATING CO,STEPHENS & JOHNSON OPERATING CO
STEPHENS PRODUCTION COMPANY,SF HOLDING CORP
STONE CREEK ENERGY PARTNERS III LP,STONE ENERGY CORP
STRACHAN EXPLORATIONINC,STRACHAN EXPLORATION INC
STRANGJOHN P,STRANG JOHN P
STRATA PRODUCTION COMPANY,STRATA PRODUCTION CO
STROUD EXPLORATION CO LLC,STROUD EXPLORATION CO LLC
STROUD PETROLEUM INC,STROUD EXPLORATION CO LLC
SUMMIT GAS RESOURCESINC,SUMMIT GAS RESOURCES INC
SUMMIT OPERATINGLLC,SUMMIT OPERATING LLC
SUMMIT OVERSEAS EXPLORATIONINC,SUMMIT OPERATING LLC
SUMMIT RESOURCES MGMTLLC,SUMMIT OPERATING LLC
SUNOCO PARTNERS M&T LP,ENERGY TRANSFER EQUITY
SUNRISE WIND LLC,SUNRISE WIND LLC
SUNSHINE VALLEY PETROLEUM CORP,SUNSHINE VALLEY PETROLEUM CORP
SWIFT ENERGY OPERATINGINC,SWIFT ENERGY OPERATING INC
SWN PRODUCTION (LOUISIANA) LLC,SOUTHWESTERN ENERGY PRODUCTION CO
SWN PRODUCTION COMPANY LLC,SOUTHWESTERN ENERGY PRODUCTION CO
SYNERGY OFFSHORE LLC,SYNERGY OFFSHORE LLC
SYNERGY OPERATING LLC,SYNERGY OFFSHORE LLC
TACITUS LLC,NAVAJO TRANSITIONAL ENERGY CO
TALLGRASS INTERSTATE GAS TRNSMISSION LLC,TALLGRASS ENERGY PARTNERS LP
TALLGRASS MIDSTREAM GATHERING LLC,TALLGRASS ENERGY PARTNERS LP
TALOS ENERGY OFFSHORE LLC,TALOS ENERGY INC
TALOS ERT LLC,TALOS ENERGY INC
TALOS OIL AND GAS LLC,TALOS ENERGY INC
TALOS PETROLEUM LLC,TALOS ENERGY INC
TALOS RESOURCES LLC,TALOS ENERGY INC
TANA EXPLORATION COMPANY LLC,TANA EXPLORATION CO LLC
TANDEM ENERGY CORPORATION,TANDEM ENERGY CORP
TAP ROCK OPERATING LLC,TAP ROCK OPERATING LLC
TAPSTONE ENERGYLLC,DIVERSIFIED ENERGY CO PLC
TASCOSA ENERGY PARTNERS LLC,TASCOSA ENERGY PARTNERS LLC
TATA CHEMICALS,TATA GROUP
TDB RESOURCES LP,TDB RESOURCES LP
TEAM OPERATING LLC,TEAM OPERATING LLC
TELLURIAN OPERATING LLC,TELLURIAN INC
TELLUS OPERATING GROUP LLC,TELLUS OPERATING GROUP LLC
TEMPLAR ENERGY LLC,TEMPLAR ENERGY LLC
TENNESSEE GAS PIPELINE COMPANY,KINDER MORGAN INC
TEOCALI ENERGY LLC,TEOCALI ENERGY LLC
TEP ROCKY MOUNTAIN LLC,TERRA ENERGY PARTNERS LLC
TERRA-GEN DIXIE VALLEYLLC,ENERGY CAPITAL PARTNERS
TERRITORY RESOURCES LLC,TERRITORY RESOURCES LLC
TETON RESOURCES LLC,TETON RESOURCES LLC
TETRA TECHNOLOGIES INC,TETRA TECHNOLOGIES INC
TEXAS INDEPENDENT EXPL LIMITED,TEXAS INDEPENDENT EXPLORATION LTD
TEXAS OIL PURCHASING LLC,TEXAS OIL PURCHASING LLC
TEXAS PETROLEUM INVESTMENT COMPANY,TEXAS PETROLUEM INVESTMENT CO
TEXICAN CRUDE & HYDROCARBONS LLC,TEXICAN CRUDE & HYDROCARBONS LLC
TEXLAND PETROLEUM LP,TEXLAND PETROLEUM LP
TEXON L P,TEXON L P
THE AKLAQ COMPANY ALASKA INC,THE AKLAQ COMPANY ALASKA INC
THE ALLAR COMPANY,THE ALLAR CO
THE TERMO COMPANY,THE TERMO CO
THOMPSON ENGR & PROD CORP,THOMPSON ENGR & PROD CORP
THREE FORKS RESOURCESLLC,THREE FORKS RESOURCES LLC
THUNDER BASIN COAL COMPANY LLC,ARCH RESOURCES
THUNDER BASIN RESOURCES LLC,THUNDER BASIN RESOURCES LLC
TIERRA OIL COMPANYLLC,TIERRA OIL CO LLC
TITAN EXPLORATION LLC,KIMMERIDGE ENERGY
TITUS OIL & GAS LLC,EARTHSTONE ENERGY INC
TLS GEOTHERMICS CORP,TLS GEOTHERMICS CORP
TOC OIL INC,TRANSWORLD SYSTEMS PETROLUEM INC
TOTALENERGIES RENEWABLES USA LLC,TOTAL ENERGIES
TRANSWORLD SYSTEMS PETROLEUM INC,TRANSWORLD SYSTEMS PETROLUEM INC
TRAPPER MINING INC,TRAPPER MINING INC
TRIAD HUNTER LLC,MAGNUM HUNTER RESOURCES CORP
TROVE ENERGY LLC,TROVE ENERGY LLC
TRUE OILLLC,TRUE COMPANIES INC
TRUTH RESOURCESLP,TRUTH RESOURCES LP
TURLOCK IRRIGATION DISTRICT,TURLOCK IRRIGATION DISTRICT
TURNER PRODUCTION COMPANY,TURNER PETROLEUM LAND SERVICES INC
TWENTYMILE COAL COMPANY,PEABODY ENERGY CORP
TWIN METALS MINNESOTA LLC,TWIN METALS MINNESOTA LLC
UINTA WAX OPERATING LLC,UINTA WAX OPERATING LLC
ULTRA RESOURCES INC,ULTRA PETROLEUM CORP
UNBRIDLED RESOURCES LLC,EIG GLOBAL ENERGY PARTNERS
UNION OIL CO OF CALIFORNIA,CHEVRON CORP
UNIONVILLE ROYALTY COMPANYLLC,UNIONVILLE ROYALTY COMPANY LLC
UNIT PETROLEUM COMPANY,UNIT CORP
UNITED ENERGY TRADING LLC,UNITED ENERGY TRADING LLC
UNITED SALT CORP,UNITED SALT CORP
URBAN FUND II LP,URBAN OIL AND GAS LLC
URBAN OIL AND GAS LLC,URBAN ENERGY PARTNERS
US MINE CORPORATION,US MINE CORP
USG NEVADA LLC,ORMAT TECHNOLOGIES INC
UTAH GAS OP LTD,UTAH GAS OP LTD
UTAH GAS OPERATING SOLUTIONS LLC,UTAH GAS OP LTD
UTAH LAND RESOURCES INC,UTAH LAND RESOURCES INC
VALKYRIE RESOURCES LLC,ENDLESS ENERGY CORP
VALLEE LAURENCE S,VALLEE LAURENCE S
VAQUERO BIG HORN,VAQUERO BIG HORN
VAQUERO ENERGYINC,VAQUERO ENERGY
VAQUERO UNITA LLC,VAQUERO UINITA LLC
VELIKAN RENEWABLES LLC,VELIKAN RENEWABLES LLC
VENTURE OIL & GASINC,VENTURE OIL & GAS INC
VERDAD RESOURCES LLC,VERDAD RESOURCES
VERMILION ENERGY USA,VERMILION ENERGY INC
VERNON E FAULCONERINC,VERNON E FAULCONER INC
V-F PETROLEUM INC,V-F PETROLEUM INC
VINE ENERGY OPERATING LP,CHESAPEAKE ENERGY CORP
VINEYARD MID-ATLANTIC LLC,VINEYARD OFFSHORE
VINEYARD WIND LLC,VINEYARD WIND LLC
VIRGINIA ELECTRIC AND POWER COMPANY,DOMINION ENERGY INC
W & T ENERGY VI LLC,W&T OFFSHORE INC
W & T OFFSHOREINC,W&T OFFSHORE INC
W&T OFFSHORE INC,W&T OFFSHORE INC
WAGNER OIL COMPANY,WAGNER OIL CO
"WALDORF PRODUCTIONS US, LLC",WALDORF ENERGY NETHERLANDS BV
WALTER OIL AND GAS CORPORATION,WALTER OIL & GAS CORP
WAMSUTTER E&P LLC,WAMSUTTER E&P LLC
WAPITI OPERATING LLC,WAPITI OPERATING LLC
WARD PETROLEUM CORPORATION,WARD PETROLEUM CORP
WARREN E&PINC,WARREN RESOURCES INC
WARREN RESOURCES INC,WARREN RESOURCES INC
WARRIOR MET COAL GAS LLC,WARRIOR MET COAL MINING LLC
WAVE PETROLEUM LLC,WAVE PETROLEUM LLC
WELLS PETROLEUM INC,WELLS PETROLEUM INC
WELLSTAR CORP,WELLSTAR CORP
WELLSTAR CORPORATION,WELLSTAR CORP
WERRUS ACQUAMARINE LLC,WERRUS ENERGY
WESCO OPERATINGINC,KIRKWOOD COMPANIES
WESPAC ENERGY LLC,WESPAC ENERGY LLC
WEST AMERICAN ENERGY CORP,WEST AMERICAN ENERGY CORP
WEST LARGO CORPORATION,WEST LARGO CORP
WESTERN AMERICAN RESOURCES LLC,WESTERN AMERICAN RESOURCES LLC
WESTERN FUELS-WYOMING INC,WESTERN FUELS ASSOCIATION INC
WESTERN GENERALINC,WESTERN GENERAL INC
WESTERN MINERALS & OILLLC,WESTERN MINERALS & OIL LLC
WESTMORELAND ROSEBUD MINING LLC,WESTMORELAND MINING LLC
WESTMORELAND SAN JUAN MINING LLC,WESTMORELAND MINING LLC
WESTMORELAND SAVAGE MINING LLC,WESTMORELAND MINING LLC
WESTSTAR EXPLORATION COMPANY,WESTSTAR EXPLORATION CO
WEXPRO COMPANY,DOMINION ENERGY INC
WEXPRO DEVELOPMENT COMPANY,DOMINION ENERGY INC
WEXPRO II COMPANY,DOMINION ENERGY INC
WHITE EAGLE EXPLORATION INC,WHITE EAGLE EXPLORATION INC
WHITE OAK OPERATING COMPANY LLC,WHITE OAK OPERATING CO LLC
WHITE ROCK OIL & GAS,WHITE ROCK OIL & GAS LLC
WHITING OIL AND GAS CORPORATION,WHITING PETROLEUM CORP
WHITING RESOURCES,WHITING PETROLEUM CORP
WHITNEY OIL & GAS LLC,TRIMONT ENERGY LTD
WILBANKS RESERVE CORPORATION,WILBANKS RESERVE CORP
WILCOX OIL & GAS INC,WILCOX OIL & GAS INC
WILLISTON BASIN INTER PIPE CO,MDU RESOURCES GROUP INC
WOLD ENERGY PARTNERS LLC,WOLD OIL PROPERTIES LLC
WOLD OIL PROPERTIESLLC,WOLD OIL PROPERTIES LLC
WOLVERINE GAS & OIL CORP,WOLVERINE GAS & OIL CORP
WOODBURY RESOURCES LLC,WOODBURY RESOURCES LLC
WPX ENERGY CORPORATION,DEVON ENERGY CORP
WPX ENERGY PERMIAN LLC,DEVON ENERGY CORP
WPX ENERGY ROCKY MOUNTAIN LLC,DEVON ENERGY CORP
WPX ENERGY WILLISTON LLC,DEVON ENERGY CORP
WRC ENERGY LLC,REBELLION ENERGY II LLC
WYNN-CROSBY OPERATINGLTD,WYNN-CROSBY
WYODAK RESOURCES DEVCORP,BLACK HILLS CORP
XCL ASSET CO,XCL RESOURCES LLC
XOG OPERATINGLLC,XOG OPERATING LLC
XTO ENERGY INC,EXXON MOBIL CORP
XTO HOLDINGS LLC,EXXON MOBIL CORP
XTO RESOURCES INCORPORATED,EXXON MOBIL CORP
ZANSKAR GEOTHERMAL & MINERALS INC,ZANSKAR GEOTHERMAL & MINERALS INC
ZAVANNA LLC,ZAVANNA RESOURCES LLC
ZAVANNA RESOURCES LLC,ZAVANNA RESOURCES LLC
ZDS-HARRINGTON ENERGY RES LTD,ZDS-HARRINGTON ENERGY RESOURCES LTD
ZDS-HARRINGTON SW ENERGY LTD,ZDS-HARRINGTON SW ENERGY LTD
ZDS-MAR OIL & GAS CORP,ZDS-MAR OIL & GAS CORP
ZDS-RIO ARIBAGAS LTD,ZDS-RIO ARIBAGAS LTD
ZENERGY OPERATING COMPANY LLC,ZENERGY OPERATING CO LLC
